url,has_section,has_data,error
https://fyers.co.in/stocks/sj-corporation-ltd,False,False,404 Client Error: Not Found for url: https://fyers.co.in/stocks/sj-corporation-ltd
https://fyers.co.in/stocks/azad-india-mobility-ltd,True,True,
https://fyers.co.in/stocks/bombay-wire-ropes-ltd,True,True,
https://fyers.co.in/stocks/nyssa-corporation-ltd,True,True,
https://fyers.co.in/stocks/flomic-global-logistics-ltd,True,True,
https://fyers.co.in/stocks/rathi-steel-power-ltd,True,True,
https://fyers.co.in/stocks/kaira-can-co-ltd,True,True,
https://fyers.co.in/stocks/ganesh-holdings-ltd,True,True,
https://fyers.co.in/stocks/uni-abex-alloy-products-ltd,True,True,
https://fyers.co.in/stocks/western-ministil-ltd,True,True,
https://fyers.co.in/stocks/bhagwati-autocast-ltd,True,True,
https://fyers.co.in/stocks/krishna-ventures-ltd,True,True,
https://fyers.co.in/stocks/g-g-dandekar-properties-ltd,True,True,
https://fyers.co.in/stocks/welcast-steels-ltd,True,True,
https://fyers.co.in/stocks/harshil-agrotech-ltd,True,True,
https://fyers.co.in/stocks/monotype-india-ltd,True,True,
https://fyers.co.in/stocks/stovec-industries-ltd,True,True,
https://fyers.co.in/stocks/jainex-aamcol-ltd,True,True,
https://fyers.co.in/stocks/duncan-engineering-ltd,True,True,
https://fyers.co.in/stocks/alfred-herbert-india-ltd,True,True,
https://fyers.co.in/stocks/ghv-infra-projects-ltd,True,True,
https://fyers.co.in/stocks/hem-holdings-trading-ltd,True,True,
https://fyers.co.in/stocks/automobile-corporation-of-goa,True,True,
https://fyers.co.in/stocks/taparia-tools-ltd,True,True,
https://fyers.co.in/stocks/kpt-industries-ltd,True,True,
https://fyers.co.in/stocks/shyamkamal-investments-ltd,True,True,
https://fyers.co.in/stocks/integra-engineering-india-ltd,True,True,
https://fyers.co.in/stocks/skyline-millars-ltd,True,True,
https://fyers.co.in/stocks/mipco-seamless-rings-gujarat-ltd,True,True,
https://fyers.co.in/stocks/brady-morris-engineering-co,True,True,
https://fyers.co.in/stocks/rolcon-engineering-co-ltd,True,True,
https://fyers.co.in/stocks/maharashtra-corporation-ltd,True,True,
https://fyers.co.in/stocks/la-tim-metal-industries-ltd,True,True,
https://fyers.co.in/stocks/prabhu-steel-industries-ltd,True,True,
https://fyers.co.in/stocks/josts-engineering-co-ltd,True,True,
https://fyers.co.in/stocks/him-teknoforge-ltd,True,True,
https://fyers.co.in/stocks/jaipan-industries-ltd,True,True,
https://fyers.co.in/stocks/kairosoft-ai-solutions-ltd,True,True,
https://fyers.co.in/stocks/snl-bearings-ltd,True,True,
https://fyers.co.in/stocks/hindustan-hardy-ltd,True,True,
https://fyers.co.in/stocks/parnax-lab-ltd,True,True,
https://fyers.co.in/stocks/sudal-industries-ltd,True,True,
https://fyers.co.in/stocks/emergent-industrial-solutions-ltd,True,True,
https://fyers.co.in/stocks/sarvamangal-mercantile-co-ltd,True,True,
https://fyers.co.in/stocks/gourmet-gateway-india-ltd,True,True,
https://fyers.co.in/stocks/triton-valves-ltd,True,True,
https://fyers.co.in/stocks/kemp-company-ltd,True,True,
https://fyers.co.in/stocks/ag-ventures-ltd,True,True,
https://fyers.co.in/stocks/jayshree-chemicals-ltd,True,True,
https://fyers.co.in/stocks/m-p-agro-industries-ltd,True,True,
https://fyers.co.in/stocks/keltech-energies-ltd,True,True,
https://fyers.co.in/stocks/swadeshi-industries-leasing-ltd,True,True,
https://fyers.co.in/stocks/amal-ltd,True,True,
https://fyers.co.in/stocks/gujarat-petrosynthese-ltd,True,True,
https://fyers.co.in/stocks/polychem-ltd,True,True,
https://fyers.co.in/stocks/zr2-bioenergy-ltd,True,True,
https://fyers.co.in/stocks/mysore-petro-chemicals-ltd,True,True,
https://fyers.co.in/stocks/indo-gulf-industries-ltd,True,True,
https://fyers.co.in/stocks/tanfac-industries-ltd,True,True,
https://fyers.co.in/stocks/continental-chemicals-ltd,True,True,
https://fyers.co.in/stocks/apt-packaging-ltd,True,True,
https://fyers.co.in/stocks/makers-laboratories-ltd,True,True,
https://fyers.co.in/stocks/kothari-fermentation-biochem,False,False,404 Client Error: Not Found for url: https://fyers.co.in/stocks/kothari-fermentation-biochem
https://fyers.co.in/stocks/rajasthan-petro-synthetics-ltd,True,True,
https://fyers.co.in/stocks/advance-petrochemicals-ltd,True,True,
https://fyers.co.in/stocks/blue-chip-tex-industries-ltd,True,True,
https://fyers.co.in/stocks/olympic-oil-industries-ltd,True,True,
https://fyers.co.in/stocks/jagatjit-industries-ltd,True,True,
https://fyers.co.in/stocks/c-j-gelatine-products-ltd,True,True,
https://fyers.co.in/stocks/milkfood-ltd,True,True,
https://fyers.co.in/stocks/orient-beverages-ltd,True,True,
https://fyers.co.in/stocks/polson-ltd,True,True,
https://fyers.co.in/stocks/lime-chemicals-ltd,True,True,
https://fyers.co.in/stocks/tgv-sraac-ltd,True,True,
https://fyers.co.in/stocks/wires-fabriks-sa-ltd,True,True,
https://fyers.co.in/stocks/national-oxygen-ltd,True,True,
https://fyers.co.in/stocks/east-buildtech-ltd,True,True,
https://fyers.co.in/stocks/ansal-housing-ltd,True,True,
https://fyers.co.in/stocks/computer-point-ltd,True,True,
https://fyers.co.in/stocks/addi-industries-ltd,True,True,
https://fyers.co.in/stocks/kiduja-india-ltd,True,True,
https://fyers.co.in/stocks/ashnoor-textile-mills-ltd,True,True,
https://fyers.co.in/stocks/fynx-capital-ltd,True,True,
https://fyers.co.in/stocks/jolly-plastic-industries-ltd,True,True,
https://fyers.co.in/stocks/diamant-infrastructure-ltd,False,False,404 Client Error: Not Found for url: https://fyers.co.in/stocks/diamant-infrastructure-ltd
https://fyers.co.in/stocks/gujarat-hotels-ltd,True,True,
https://fyers.co.in/stocks/ras-resorts-apart-hotels-ltd,True,True,
https://fyers.co.in/stocks/simmonds-marshall-ltd,True,True,
https://fyers.co.in/stocks/panasonic-carbon-india-co-ltd,False,False,404 Client Error: Not Found for url: https://fyers.co.in/stocks/panasonic-carbon-india-co-ltd
https://fyers.co.in/stocks/jindal-hotels-ltd,True,True,
https://fyers.co.in/stocks/best-eastern-hotels-ltd,True,True,
https://fyers.co.in/stocks/ironwood-education-ltd,True,True,
https://fyers.co.in/stocks/nexome-capital-markets-ltd,True,True,
https://fyers.co.in/stocks/warren-tea-ltd,True,True,
https://fyers.co.in/stocks/nitin-castings-ltd,True,True,
https://fyers.co.in/stocks/transoceanic-properties-ltd,True,True,
https://fyers.co.in/stocks/hb-leasing-finance-co-ltd,True,True,
https://fyers.co.in/stocks/shricon-industries-ltd,True,True,
https://fyers.co.in/stocks/thakral-services-india-ltd,True,True,
https://fyers.co.in/stocks/frontier-capital-ltd,True,True,
https://fyers.co.in/stocks/photon-capital-advisors-ltd,False,False,404 Client Error: Not Found for url: https://fyers.co.in/stocks/photon-capital-advisors-ltd
https://fyers.co.in/stocks/triliance-polymers-ltd,True,True,
https://fyers.co.in/stocks/vjtf-eduservices-ltd,True,True,
https://fyers.co.in/stocks/voltaire-leasing-finance-ltd,True,True,
https://fyers.co.in/stocks/netlink-solutions-india-ltd,True,True,
https://fyers.co.in/stocks/indian-infotech-software-ltd,True,True,
https://fyers.co.in/stocks/sanathnagar-enterprises-ltd,True,True,
https://fyers.co.in/stocks/banas-finance-ltd,True,True,
https://fyers.co.in/stocks/mm-rubber-company-ltd,True,True,
https://fyers.co.in/stocks/indag-rubber-ltd,True,True,
https://fyers.co.in/stocks/benares-hotels-ltd,True,True,
https://fyers.co.in/stocks/hindustan-housing-co-ltd,True,True,
https://fyers.co.in/stocks/cravatex-ltd,True,True,
https://fyers.co.in/stocks/bombay-oxygen-investments-ltd,True,True,
https://fyers.co.in/stocks/caprihans-india-ltd,True,True,
https://fyers.co.in/stocks/shah-construction-co-ltd,True,True,
https://fyers.co.in/stocks/garware-marine-industries-ltd,True,True,
https://fyers.co.in/stocks/empire-industries-ltd,True,True,
https://fyers.co.in/stocks/r-j-shah-co-ltd,True,True,
https://fyers.co.in/stocks/the-ravalgaon-sugar-farm-ltd,True,True,
https://fyers.co.in/stocks/sinnar-bidi-udyog-ltd,True,True,
https://fyers.co.in/stocks/kesar-enterprises-ltd,True,True,
https://fyers.co.in/stocks/emerald-leisures-ltd,True,True,
https://fyers.co.in/stocks/premier-synthetics-ltd,True,True,
https://fyers.co.in/stocks/technojet-consultants-ltd,True,True,
https://fyers.co.in/stocks/quadrant-televentures-ltd,False,False,404 Client Error: Not Found for url: https://fyers.co.in/stocks/quadrant-televentures-ltd
https://fyers.co.in/stocks/u-p-hotels-ltd,True,True,
https://fyers.co.in/stocks/easy-fincorp-ltd,True,True,
https://fyers.co.in/stocks/hindoostan-mills-ltd,True,True,
https://fyers.co.in/stocks/tivoli-construction-ltd,True,True,
https://fyers.co.in/stocks/premier-capital-services-ltd,True,True,
https://fyers.co.in/stocks/swasti-vinayaka-synthetics-ltd,True,True,
https://fyers.co.in/stocks/rajvi-logitrade-ltd,True,True,
https://fyers.co.in/stocks/sakthi-finance-ltd,True,True,
https://fyers.co.in/stocks/yamini-investments-company-ltd,True,True,
https://fyers.co.in/stocks/jmd-ventures-ltd,True,True,
https://fyers.co.in/stocks/sagar-systech-ltd,True,True,
https://fyers.co.in/stocks/parshwanath-corporation-ltd,True,True,
https://fyers.co.in/stocks/kamanwala-housing-construction-ltd,True,True,
https://fyers.co.in/stocks/bombay-talkies-ltd,True,True,
https://fyers.co.in/stocks/anjani-foods-ltd,True,True,
https://fyers.co.in/stocks/iconik-sports-and-events-ltd,True,True,
https://fyers.co.in/stocks/wsfx-global-pay-ltd,True,True,
https://fyers.co.in/stocks/ad-manum-finance-ltd,True,True,
https://fyers.co.in/stocks/gujarat-credit-corporation-ltd,True,True,
https://fyers.co.in/stocks/india-cements-capital-ltd,True,True,
https://fyers.co.in/stocks/munoth-communication-ltd,True,True,
https://fyers.co.in/stocks/mehta-integrated-finance-ltd,True,True,
https://fyers.co.in/stocks/shrydus-industries-ltd,True,True,
https://fyers.co.in/stocks/dharani-finance-ltd,True,True,
https://fyers.co.in/stocks/inter-globe-finance-ltd,True,True,
https://fyers.co.in/stocks/ushakiran-finance-ltd,True,True,
https://fyers.co.in/stocks/alexander-stamps-and-coin-ltd,True,True,
https://fyers.co.in/stocks/gsb-finance-ltd,True,False,
https://fyers.co.in/stocks/crest-ventures-ltd,True,True,
https://fyers.co.in/stocks/nda-securities-ltd,True,True,
https://fyers.co.in/stocks/sahara-housingfina-corporation-ltd,True,True,
https://fyers.co.in/stocks/supra-trends-ltd,True,True,
https://fyers.co.in/stocks/veerhealth-care-ltd,True,True,
https://fyers.co.in/stocks/vivo-bio-tech-ltd,True,True,
https://fyers.co.in/stocks/pan-india-corporation-ltd,True,True,
https://fyers.co.in/stocks/djs-stock-shares-ltd,True,True,
https://fyers.co.in/stocks/sanchay-finvest-ltd,True,True,
https://fyers.co.in/stocks/pro-fin-capital-services-ltd,True,True,
https://fyers.co.in/stocks/libord-finance-ltd,True,True,
https://fyers.co.in/stocks/morarka-finance-ltd,True,True,
https://fyers.co.in/stocks/omega-interactive-technologies-ltd,True,True,
https://fyers.co.in/stocks/rr-financial-consultants-ltd,True,True,
https://fyers.co.in/stocks/isl-consulting-ltd,True,True,
https://fyers.co.in/stocks/befound-movement-ltd,True,True,
https://fyers.co.in/stocks/pasupati-fincap-ltd,False,False,404 Client Error: Not Found for url: https://fyers.co.in/stocks/pasupati-fincap-ltd
https://fyers.co.in/stocks/bgil-films-technologies-ltd,True,True,
https://fyers.co.in/stocks/nettlinx-ltd,True,True,
https://fyers.co.in/stocks/standard-capital-markets-ltd,True,True,
https://fyers.co.in/stocks/chartered-capital-investment-ltd,True,True,
https://fyers.co.in/stocks/ruparel-food-products-ltd,True,True,
https://fyers.co.in/stocks/ajcon-global-services-ltd,True,True,
https://fyers.co.in/stocks/yogi-ltd,True,True,
https://fyers.co.in/stocks/relic-technologies-ltd,True,True,
https://fyers.co.in/stocks/n-d-metal-industries-ltd,False,False,404 Client Error: Not Found for url: https://fyers.co.in/stocks/n-d-metal-industries-ltd
https://fyers.co.in/stocks/k-z-leasing-finance-ltd,True,True,
https://fyers.co.in/stocks/nilkanth-engineering-ltd,True,True,
https://fyers.co.in/stocks/mehta-securities-ltd,True,True,
https://fyers.co.in/stocks/cubical-financial-services-ltd,True,True,
https://fyers.co.in/stocks/winro-commercial-india-ltd,True,True,
https://fyers.co.in/stocks/aastamangalam-finance-ltd,True,True,
https://fyers.co.in/stocks/vega-jewellers-ltd,True,True,
https://fyers.co.in/stocks/wardwizard-healthcare-ltd,True,True,
https://fyers.co.in/stocks/mansi-finance-chennai-ltd,True,True,
https://fyers.co.in/stocks/ventura-guaranty-ltd,True,True,
https://fyers.co.in/stocks/mrugesh-trading-ltd,True,True,
https://fyers.co.in/stocks/dhansafal-finserve-ltd,True,True,
https://fyers.co.in/stocks/royal-india-corporation-ltd,True,True,
https://fyers.co.in/stocks/eyantra-ventures-ltd,True,True,
https://fyers.co.in/stocks/kajal-synthetics-silk-mills-ltd,True,True,
https://fyers.co.in/stocks/vishvprabha-ventures-ltd,True,True,
https://fyers.co.in/stocks/aviva-industries-ltd,True,True,
https://fyers.co.in/stocks/rose-merc-ltd,True,True,
https://fyers.co.in/stocks/terraform-realstate-ltd,True,True,
https://fyers.co.in/stocks/nidhi-granites-ltd,True,True,
https://fyers.co.in/stocks/m-lakhamsi-industries-ltd,True,True,
https://fyers.co.in/stocks/classic-electricals-ltd,True,True,
https://fyers.co.in/stocks/bentley-commercial-enterprises-ltd,True,True,
https://fyers.co.in/stocks/avance-technologies-ltd,True,True,
https://fyers.co.in/stocks/spv-global-trading-ltd,True,True,
https://fyers.co.in/stocks/nivi-trading-ltd,True,True,
https://fyers.co.in/stocks/avon-mercantile-ltd,True,True,
https://fyers.co.in/stocks/vama-industries-ltd,True,True,
https://fyers.co.in/stocks/bajaj-global-ltd,True,True,
https://fyers.co.in/stocks/veritas-india-ltd,True,True,
https://fyers.co.in/stocks/prism-medico-and-pharmacy-ltd,True,True,
https://fyers.co.in/stocks/n2n-technologies-ltd,False,False,404 Client Error: Not Found for url: https://fyers.co.in/stocks/n2n-technologies-ltd
https://fyers.co.in/stocks/shantai-industries-ltd,False,False,404 Client Error: Not Found for url: https://fyers.co.in/stocks/shantai-industries-ltd
https://fyers.co.in/stocks/tashi-india-ltd,True,True,
https://fyers.co.in/stocks/autoriders-international-ltd,True,True,
https://fyers.co.in/stocks/speedage-commercials-ltd,True,True,
https://fyers.co.in/stocks/sheraton-properties-finance,True,True,
https://fyers.co.in/stocks/i-power-solutions-india-ltd,False,False,404 Client Error: Not Found for url: https://fyers.co.in/stocks/i-power-solutions-india-ltd
https://fyers.co.in/stocks/ashirwad-capital-ltd,True,True,
https://fyers.co.in/stocks/mansoon-trading-co-ltd,True,True,
https://fyers.co.in/stocks/bengal-steel-industries-ltd,True,True,
https://fyers.co.in/stocks/uniworth-securities-ltd,True,True,
https://fyers.co.in/stocks/white-hall-commercial-co-ltd,True,True,
https://fyers.co.in/stocks/devinsu-trading-ltd,True,True,
https://fyers.co.in/stocks/mercury-trade-links-ltd,True,True,
https://fyers.co.in/stocks/punctual-trading-ltd,True,True,
https://fyers.co.in/stocks/ganon-products-ltd,True,True,
https://fyers.co.in/stocks/polytex-india-ltd,False,False,404 Client Error: Not Found for url: https://fyers.co.in/stocks/polytex-india-ltd
https://fyers.co.in/stocks/nirav-commercials-ltd,True,True,
https://fyers.co.in/stocks/virya-resources-ltd,True,True,
https://fyers.co.in/stocks/apollo-finvest-india-ltd,True,True,
https://fyers.co.in/stocks/shri-jagdamba-polymers-ltd,True,True,
https://fyers.co.in/stocks/betex-india-ltd,True,True,
https://fyers.co.in/stocks/dhanlaxmi-cotex-ltd,True,True,
https://fyers.co.in/stocks/vinayak-vanijya-ltd,True,True,
https://fyers.co.in/stocks/shalimar-productions-ltd,True,False,
https://fyers.co.in/stocks/oasis-securities-ltd,True,True,
https://fyers.co.in/stocks/meenakshi-steel-industries-ltd,True,True,
https://fyers.co.in/stocks/varun-mercantile-ltd,True,True,
https://fyers.co.in/stocks/garnet-international-ltd,True,True,
https://fyers.co.in/stocks/neelkanth-ltd,True,True,
https://fyers.co.in/stocks/astal-laboratories-ltd,True,True,
https://fyers.co.in/stocks/zodiac-jrd-mkj-ltd,True,True,
https://fyers.co.in/stocks/sita-enterprises-ltd,True,True,
https://fyers.co.in/stocks/manbro-industries-ltd,True,True,
https://fyers.co.in/stocks/super-sales-india-ltd,True,True,
https://fyers.co.in/stocks/pulsar-international-ltd,True,True,
https://fyers.co.in/stocks/haria-exports-ltd,True,True,
https://fyers.co.in/stocks/hindusthan-udyog-ltd,True,True,
https://fyers.co.in/stocks/jeet-machine-tools-ltd,True,True,
https://fyers.co.in/stocks/savera-industries-ltd,True,True,
https://fyers.co.in/stocks/chrome-silicon-ltd,True,True,
https://fyers.co.in/stocks/rlf-ltd,True,True,
https://fyers.co.in/stocks/regent-enterprises-ltd,True,True,
https://fyers.co.in/stocks/saianand-commercial-ltd,True,True,
https://fyers.co.in/stocks/triochem-products-ltd,True,True,
https://fyers.co.in/stocks/onix-solar-energy-ltd,True,True,
https://fyers.co.in/stocks/cranes-software-international-ltd,True,True,
https://fyers.co.in/stocks/remi-edelstahl-tubulars-ltd,True,True,
https://fyers.co.in/stocks/amforge-industries-ltd,True,True,
https://fyers.co.in/stocks/grand-foundry-ltd,False,False,404 Client Error: Not Found for url: https://fyers.co.in/stocks/grand-foundry-ltd
https://fyers.co.in/stocks/p-m-telelinnks-ltd,False,False,404 Client Error: Not Found for url: https://fyers.co.in/stocks/p-m-telelinnks-ltd
https://fyers.co.in/stocks/jay-ushin-ltd,True,True,
https://fyers.co.in/stocks/trans-freight-containers-ltd,True,True,
https://fyers.co.in/stocks/g-s-auto-international-ltd,True,True,
https://fyers.co.in/stocks/acrow-india-ltd,True,True,
https://fyers.co.in/stocks/imec-services-ltd,True,True,
https://fyers.co.in/stocks/krishanveer-forge-ltd,True,True,
https://fyers.co.in/stocks/gujarat-toolroom-ltd,True,True,
https://fyers.co.in/stocks/maitri-enterprises-ltd,True,True,
https://fyers.co.in/stocks/bloom-industries-ltd,True,True,
https://fyers.co.in/stocks/southern-magnesium-chemicals,False,False,404 Client Error: Not Found for url: https://fyers.co.in/stocks/southern-magnesium-chemicals
https://fyers.co.in/stocks/vallabh-steels-ltd,True,True,
https://fyers.co.in/stocks/modern-steels-ltd,True,True,
https://fyers.co.in/stocks/kanishk-steel-industries-ltd,True,True,
https://fyers.co.in/stocks/mahalaxmi-seamless-ltd,True,True,
https://fyers.co.in/stocks/smiths-founders-india-ltd,True,True,
https://fyers.co.in/stocks/elango-industries-ltd,True,True,
https://fyers.co.in/stocks/sizemasters-technology-ltd,True,True,
https://fyers.co.in/stocks/simplex-castings-ltd,True,True,
https://fyers.co.in/stocks/gujarat-containers-ltd,True,True,
https://fyers.co.in/stocks/shree-steel-wire-ropes-ltd,True,True,
https://fyers.co.in/stocks/aditya-ispat-ltd,True,True,
https://fyers.co.in/stocks/tamilnadu-steel-tubes-ltd,True,True,
https://fyers.co.in/stocks/sterling-powergensys-ltd,True,True,
https://fyers.co.in/stocks/panchmahal-steel-ltd,True,True,
https://fyers.co.in/stocks/glittek-granites-ltd,True,True,
https://fyers.co.in/stocks/foundry-fuel-products-ltd,True,True,
https://fyers.co.in/stocks/tulsyan-nec-ltd,True,True,
https://fyers.co.in/stocks/baroda-extrusion-ltd,True,True,
https://fyers.co.in/stocks/nova-iron-steel-ltd,True,True,
https://fyers.co.in/stocks/sharda-ispat-ltd,True,True,
https://fyers.co.in/stocks/axel-polymers-ltd,True,True,
https://fyers.co.in/stocks/solid-stone-company-ltd,True,True,
https://fyers.co.in/stocks/konark-synthetic-ltd,False,False,404 Client Error: Not Found for url: https://fyers.co.in/stocks/konark-synthetic-ltd
https://fyers.co.in/stocks/spectra-industries-ltd,True,True,
https://fyers.co.in/stocks/kic-metaliks-ltd,True,True,
https://fyers.co.in/stocks/suryavanshi-spinning-mills-ltd,False,False,404 Client Error: Not Found for url: https://fyers.co.in/stocks/suryavanshi-spinning-mills-ltd
https://fyers.co.in/stocks/rajkamal-synthetics-ltd,True,True,
https://fyers.co.in/stocks/rudra-ecovation-ltd,True,True,
https://fyers.co.in/stocks/k-lifestyle-industries-ltd,False,False,404 Client Error: Not Found for url: https://fyers.co.in/stocks/k-lifestyle-industries-ltd
https://fyers.co.in/stocks/rishab-special-yarns-ltd,True,True,
https://fyers.co.in/stocks/mfs-intercorp-ltd,True,True,
https://fyers.co.in/stocks/shilp-gravures-ltd,True,True,
https://fyers.co.in/stocks/pbm-polytex-ltd,True,True,
https://fyers.co.in/stocks/ttl-enterprises-ltd,True,True,
https://fyers.co.in/stocks/deepak-spinners-ltd,True,True,
https://fyers.co.in/stocks/ceeta-industries-ltd,True,True,
https://fyers.co.in/stocks/adinath-textiles-ltd,True,True,
https://fyers.co.in/stocks/ramgopal-polytex-ltd,True,True,
https://fyers.co.in/stocks/s-t-corporation-ltd,True,True,
https://fyers.co.in/stocks/indian-acrylics-ltd,True,True,
https://fyers.co.in/stocks/surbhi-industries-ltd,True,True,
https://fyers.co.in/stocks/sreechem-resins-ltd,True,True,
https://fyers.co.in/stocks/kush-industries-ltd,True,True,
https://fyers.co.in/stocks/mkventures-capital-ltd,True,True,
https://fyers.co.in/stocks/seasons-textiles-ltd,True,True,
https://fyers.co.in/stocks/zenith-fibres-ltd,True,True,
https://fyers.co.in/stocks/sanrhea-technical-textiles-ltd,True,True,
https://fyers.co.in/stocks/raghuvir-synthetics-ltd,True,True,
https://fyers.co.in/stocks/kamadgiri-fashion-ltd,True,True,
https://fyers.co.in/stocks/bhilwara-spinners-ltd,True,True,
https://fyers.co.in/stocks/omnitex-industries-india-ltd,True,True,
https://fyers.co.in/stocks/vippy-spinpro-ltd,True,True,
https://fyers.co.in/stocks/patspin-india-ltd,True,True,
https://fyers.co.in/stocks/oxford-industries-ltd,True,True,
https://fyers.co.in/stocks/neo-infracon-ltd,True,True,
https://fyers.co.in/stocks/everlon-financials-ltd,True,True,
https://fyers.co.in/stocks/garware-synthetics-ltd,True,True,
https://fyers.co.in/stocks/eco-hotels-and-resorts-ltd,True,True,
https://fyers.co.in/stocks/yarn-syndicate-ltd,True,True,
https://fyers.co.in/stocks/k-r-rail-engineering-ltd,True,True,
https://fyers.co.in/stocks/oswal-yarns-ltd,False,False,404 Client Error: Not Found for url: https://fyers.co.in/stocks/oswal-yarns-ltd
https://fyers.co.in/stocks/gujarat-cotex-ltd,True,True,
https://fyers.co.in/stocks/modern-insulators-ltd,False,False,502 Server Error: Bad Gateway for url: https://fyers.co.in/stocks/modern-insulators-ltd
https://fyers.co.in/stocks/blue-pearl-agriventures-ltd,True,True,
https://fyers.co.in/stocks/sri-kpr-industries-ltd,True,True,
https://fyers.co.in/stocks/jyoti-resins-adhesives-ltd,True,True,
https://fyers.co.in/stocks/southern-latex-ltd,True,True,
https://fyers.co.in/stocks/winsome-textile-industries-ltd,True,True,
https://fyers.co.in/stocks/restile-ceramics-ltd,True,True,
https://fyers.co.in/stocks/duroply-industries-ltd,True,True,
https://fyers.co.in/stocks/madhusudan-industries-ltd,True,True,
https://fyers.co.in/stocks/tahmar-enterprises-ltd,True,True,
https://fyers.co.in/stocks/agio-paper-industries-ltd,True,True,
https://fyers.co.in/stocks/jumbo-bag-ltd,True,True,
https://fyers.co.in/stocks/ventura-textiles-ltd,True,True,
https://fyers.co.in/stocks/aplab-ltd,False,False,404 Client Error: Not Found for url: https://fyers.co.in/stocks/aplab-ltd
https://fyers.co.in/stocks/sangal-papers-ltd,True,True,
https://fyers.co.in/stocks/family-care-hospitals-ltd,True,True,
https://fyers.co.in/stocks/ind-agiv-commerce-ltd,True,True,
https://fyers.co.in/stocks/south-india-paper-mills-ltd,True,True,
https://fyers.co.in/stocks/shree-karthik-papers-ltd,True,True,
https://fyers.co.in/stocks/jetking-infotrain-ltd,True,True,
https://fyers.co.in/stocks/pervasive-commodities-ltd,True,True,
https://fyers.co.in/stocks/edvenswa-enterprises-ltd,True,True,
https://fyers.co.in/stocks/pcs-technology-ltd,True,True,
https://fyers.co.in/stocks/spel-semiconductor-ltd,True,True,
https://fyers.co.in/stocks/switching-technologies-gunther-ltd,True,True,
https://fyers.co.in/stocks/cmi-ltd,False,False,404 Client Error: Not Found for url: https://fyers.co.in/stocks/cmi-ltd
https://fyers.co.in/stocks/dynavision-ltd,True,True,
https://fyers.co.in/stocks/calcom-vision-ltd,True,True,
https://fyers.co.in/stocks/bcc-fuba-india-ltd,True,True,
https://fyers.co.in/stocks/fine-line-circuits-ltd,True,True,
https://fyers.co.in/stocks/gujarat-poly-electronics-ltd,True,True,
https://fyers.co.in/stocks/precision-electronics-ltd,True,True,
https://fyers.co.in/stocks/incap-ltd,True,True,
https://fyers.co.in/stocks/aci-infocom-ltd,True,True,
https://fyers.co.in/stocks/sbec-systems-india-ltd,True,True,
https://fyers.co.in/stocks/integra-switchgear-ltd,False,False,404 Client Error: Not Found for url: https://fyers.co.in/stocks/integra-switchgear-ltd
https://fyers.co.in/stocks/pan-electronics-india-ltd,True,True,
https://fyers.co.in/stocks/gujarat-intrux-ltd,True,True,
https://fyers.co.in/stocks/vxl-instruments-ltd,True,True,
https://fyers.co.in/stocks/lee-nee-softwares-exports-ltd,True,True,
https://fyers.co.in/stocks/patels-airtemp-india-ltd,True,True,
https://fyers.co.in/stocks/athena-global-technologies-ltd,True,True,
https://fyers.co.in/stocks/magna-electro-castings-ltd,True,True,
https://fyers.co.in/stocks/dutron-polymers-ltd,True,True,
https://fyers.co.in/stocks/elnet-technologies-ltd,True,True,
https://fyers.co.in/stocks/accel-ltd,True,True,
https://fyers.co.in/stocks/d-h-india-ltd,True,True,
https://fyers.co.in/stocks/sarup-industries-ltd,True,True,
https://fyers.co.in/stocks/hindustan-adhesives-ltd,True,True,
https://fyers.co.in/stocks/alfa-transformers-ltd,True,True,
https://fyers.co.in/stocks/saint-gobain-sekurit-india-ltd,True,True,
https://fyers.co.in/stocks/chambal-fertilisers-and-chemicals-ltd,True,True,
https://fyers.co.in/stocks/bombay-dyeing-and-manufacturing-company-ltd,True,True,
https://fyers.co.in/stocks/cg-power-and-industrial-solutions-ltd,True,True,
https://fyers.co.in/stocks/krishna-filament-industries-ltd,True,True,
https://fyers.co.in/stocks/panyam-cements-mineral-indus,True,True,
https://fyers.co.in/stocks/dalmia-bharat-sugar-and-industries-ltd,True,True,
https://fyers.co.in/stocks/hindustan-petroleum-corporation-ltd,True,True,
https://fyers.co.in/stocks/modern-threads-india-ltd,True,True,
https://fyers.co.in/stocks/golden-tobacco-ltd,True,True,
https://fyers.co.in/stocks/gujarat-lease-financing-ltd,True,True,
https://fyers.co.in/stocks/tokyo-plast-intl-ltd,True,True,
https://fyers.co.in/stocks/mangalore-refinery-and-petrochemicals-ltd,True,True,
https://fyers.co.in/stocks/himadri-speciality-chemical-ltd,True,True,
https://fyers.co.in/stocks/reliance-industrial-infrastructure-ltd,True,True,
https://fyers.co.in/stocks/spv-global-trading-ltd,True,True,
https://fyers.co.in/stocks/tivoli-construction-ltd,True,True,
https://fyers.co.in/stocks/manali-petrochemicals-ltd,True,True,
https://fyers.co.in/stocks/shree-krishna-paper-mills-industries-ltd,True,True,
https://fyers.co.in/stocks/oil-natural-gas-corporation-ltd,True,True,
https://fyers.co.in/stocks/pasupati-acrylon-ltd,True,True,
https://fyers.co.in/stocks/kore-foods-ltd,True,True,
https://fyers.co.in/stocks/hindustan-organic-chemicals-ltd,True,True,
https://fyers.co.in/stocks/akzo-nobel-india-ltd,True,True,
https://fyers.co.in/stocks/rswm-ltd,True,True,
https://fyers.co.in/stocks/swastik-safe-deposit-investments-ltd,True,True,
https://fyers.co.in/stocks/glaxosmithkline-pharmaceuticals-ltd,True,True,
https://fyers.co.in/stocks/global-offshore-services-ltd,True,True,
https://fyers.co.in/stocks/procter-gamble-hygiene-and-health-care-ltd,True,True,
https://fyers.co.in/stocks/deepak-fertilisers-and-petrochemicals-corporation-ltd,True,True,
https://fyers.co.in/stocks/gujarat-narmada-valley-fertilizers-chemicals-ltd,True,True,
https://fyers.co.in/stocks/motor-general-finance-ltd,True,True,
https://fyers.co.in/stocks/bombay-cycle-motor-agency-ltd,True,True,
https://fyers.co.in/stocks/gujarat-state-fertilizers-chemicals-ltd,True,True,
https://fyers.co.in/stocks/bombay-burmah-trading-corporation-ltd,True,True,
https://fyers.co.in/stocks/peninsula-land-ltd,True,True,
https://fyers.co.in/stocks/rollatainers-ltd,True,True,
